doc_id,type,date,source,sensitivity,product_code,product_name,product_category,tenor_months,indicative_rate_pct,min_investment_usd,early_withdrawal_penalty,capital_protection,liquidity,risk_rating,suitable_risk_profiles,issuer_credit_rating
PG-004,product,2026-02-01,Horizon Treasury Desk,Public,FD-USD-001,Fixed Deposit 1-Month (USD),Term Deposit,1,4.14,1000,Forfeit accrued interest,Full (issuer risk applies),Locked until maturity,1,Conservative;Balanced,AAA
PG-004,product,2026-02-01,Horizon Treasury Desk,Public,FD-USD-002,Fixed Deposit 2-Month (USD),Term Deposit,2,4.05,1000,Forfeit accrued interest,Full (issuer risk applies),Locked until maturity,1,Conservative;Balanced,AAA
PG-004,product,2026-02-01,Horizon Treasury Desk,Public,FD-USD-003,Fixed Deposit 3-Month (USD),Term Deposit,3,4.11,1000,Forfeit accrued interest,Full (issuer risk applies),Locked until maturity,1,Conservative;Balanced,AAA
PG-004,product,2026-02-01,Horizon Treasury Desk,Public,FD-USD-006,Fixed Deposit 6-Month (USD),Term Deposit,6,4.15,1000,Forfeit accrued interest,Full (issuer risk applies),Locked until maturity,1,Conservative;Balanced,AAA
PG-004,product,2026-02-01,Horizon Treasury Desk,Public,FD-USD-009,Fixed Deposit 9-Month (USD),Term Deposit,9,4.27,1000,0.68% of principal if withdrawn before 4 months,Full (issuer risk applies),Locked until maturity,1,Conservative;Balanced,AAA
PG-004,product,2026-02-01,Horizon Treasury Desk,Public,FD-USD-012,Fixed Deposit 12-Month (USD),Term Deposit,12,4.31,1000,0.74% of principal if withdrawn before 6 months,Full (issuer risk applies),Locked until maturity,1,Conservative;Balanced,AAA
PG-004,product,2026-02-01,Horizon Treasury Desk,Public,FD-USD-018,Fixed Deposit 18-Month (USD),Term Deposit,18,4.43,1000,0.86% of principal if withdrawn before 9 months,Full (issuer risk applies),Locked until maturity,1,Conservative;Balanced,AAA
PG-004,product,2026-02-01,Horizon Treasury Desk,Public,FD-USD-024,Fixed Deposit 24-Month (USD),Term Deposit,24,4.39,1000,0.98% of principal if withdrawn before 12 months,Full (issuer risk applies),Locked until maturity,1,Conservative;Balanced,AAA
PG-004,product,2026-02-01,Horizon Treasury Desk,Public,FD-USD-036,Fixed Deposit 36-Month (USD),Term Deposit,36,4.63,1000,1.22% of principal if withdrawn before 18 months,Full (issuer risk applies),Locked until maturity,1,Conservative;Balanced,AAA
PG-004,product,2026-02-01,Horizon Treasury Desk,Public,FD-USD-048,Fixed Deposit 48-Month (USD),Term Deposit,48,4.74,1000,1.46% of principal if withdrawn before 24 months,Full (issuer risk applies),Locked until maturity,1,Conservative;Balanced,AAA
PG-004,product,2026-02-01,Horizon Treasury Desk,Public,FD-USD-060,Fixed Deposit 60-Month (USD),Term Deposit,60,4.95,1000,1.7% of principal if withdrawn before 30 months,Full (issuer risk applies),Locked until maturity,1,Conservative;Balanced,AAA
PG-004,product,2026-02-01,Horizon Treasury Desk,Public,FD-EUR-001,Fixed Deposit 1-Month (EUR),Term Deposit,1,3.22,1000,Forfeit accrued interest,Full (issuer risk applies),Locked until maturity,1,Conservative;Balanced,AAA
PG-004,product,2026-02-01,Horizon Treasury Desk,Public,FD-EUR-002,Fixed Deposit 2-Month (EUR),Term Deposit,2,3.15,1000,Forfeit accrued interest,Full (issuer risk applies),Locked until maturity,1,Conservative;Balanced,AAA
PG-004,product,2026-02-01,Horizon Treasury Desk,Public,FD-EUR-003,Fixed Deposit 3-Month (EUR),Term Deposit,3,3.2,1000,Forfeit accrued interest,Full (issuer risk applies),Locked until maturity,1,Conservative;Balanced,AAA
PG-004,product,2026-02-01,Horizon Treasury Desk,Public,FD-EUR-006,Fixed Deposit 6-Month (EUR),Term Deposit,6,3.31,1000,Forfeit accrued interest,Full (issuer risk applies),Locked until maturity,1,Conservative;Balanced,AAA
PG-004,product,2026-02-01,Horizon Treasury Desk,Public,FD-EUR-009,Fixed Deposit 9-Month (EUR),Term Deposit,9,3.34,1000,0.68% of principal if withdrawn before 4 months,Full (issuer risk applies),Locked until maturity,1,Conservative;Balanced,AAA
PG-004,product,2026-02-01,Horizon Treasury Desk,Public,FD-EUR-012,Fixed Deposit 12-Month (EUR),Term Deposit,12,3.34,1000,0.74% of principal if withdrawn before 6 months,Full (issuer risk applies),Locked until maturity,1,Conservative;Balanced,AAA
PG-004,product,2026-02-01,Horizon Treasury Desk,Public,FD-EUR-018,Fixed Deposit 18-Month (EUR),Term Deposit,18,3.48,1000,0.86% of principal if withdrawn before 9 months,Full (issuer risk applies),Locked until maturity,1,Conservative;Balanced,AAA
PG-004,product,2026-02-01,Horizon Treasury Desk,Public,FD-EUR-024,Fixed Deposit 24-Month (EUR),Term Deposit,24,3.61,1000,0.98% of principal if withdrawn before 12 months,Full (issuer risk applies),Locked until maturity,1,Conservative;Balanced,AAA
PG-004,product,2026-02-01,Horizon Treasury Desk,Public,FD-EUR-036,Fixed Deposit 36-Month (EUR),Term Deposit,36,3.66,1000,1.22% of principal if withdrawn before 18 months,Full (issuer risk applies),Locked until maturity,1,Conservative;Balanced,AAA
PG-004,product,2026-02-01,Horizon Treasury Desk,Public,FD-EUR-048,Fixed Deposit 48-Month (EUR),Term Deposit,48,3.97,1000,1.46% of principal if withdrawn before 24 months,Full (issuer risk applies),Locked until maturity,1,Conservative;Balanced,AAA
PG-004,product,2026-02-01,Horizon Treasury Desk,Public,FD-EUR-060,Fixed Deposit 60-Month (EUR),Term Deposit,60,4.13,1000,1.7% of principal if withdrawn before 30 months,Full (issuer risk applies),Locked until maturity,1,Conservative;Balanced,AAA
PG-004,product,2026-02-01,Horizon Treasury Desk,Public,FD-GBP-001,Fixed Deposit 1-Month (GBP),Term Deposit,1,4.44,1000,Forfeit accrued interest,Full (issuer risk applies),Locked until maturity,1,Conservative;Balanced,AAA
PG-004,product,2026-02-01,Horizon Treasury Desk,Public,FD-GBP-002,Fixed Deposit 2-Month (GBP),Term Deposit,2,4.42,1000,Forfeit accrued interest,Full (issuer risk applies),Locked until maturity,1,Conservative;Balanced,AAA
PG-004,product,2026-02-01,Horizon Treasury Desk,Public,FD-GBP-003,Fixed Deposit 3-Month (GBP),Term Deposit,3,4.57,1000,Forfeit accrued interest,Full (issuer risk applies),Locked until maturity,1,Conservative;Balanced,AAA
PG-004,product,2026-02-01,Horizon Treasury Desk,Public,FD-GBP-006,Fixed Deposit 6-Month (GBP),Term Deposit,6,4.51,1000,Forfeit accrued interest,Full (issuer risk applies),Locked until maturity,1,Conservative;Balanced,AAA
PG-004,product,2026-02-01,Horizon Treasury Desk,Public,FD-GBP-009,Fixed Deposit 9-Month (GBP),Term Deposit,9,4.52,1000,0.68% of principal if withdrawn before 4 months,Full (issuer risk applies),Locked until maturity,1,Conservative;Balanced,AAA
PG-004,product,2026-02-01,Horizon Treasury Desk,Public,FD-GBP-012,Fixed Deposit 12-Month (GBP),Term Deposit,12,4.57,1000,0.74% of principal if withdrawn before 6 months,Full (issuer risk applies),Locked until maturity,1,Conservative;Balanced,AAA
PG-004,product,2026-02-01,Horizon Treasury Desk,Public,FD-GBP-018,Fixed Deposit 18-Month (GBP),Term Deposit,18,4.78,1000,0.86% of principal if withdrawn before 9 months,Full (issuer risk applies),Locked until maturity,1,Conservative;Balanced,AAA
PG-004,product,2026-02-01,Horizon Treasury Desk,Public,FD-GBP-024,Fixed Deposit 24-Month (GBP),Term Deposit,24,4.83,1000,0.98% of principal if withdrawn before 12 months,Full (issuer risk applies),Locked until maturity,1,Conservative;Balanced,AAA
PG-004,product,2026-02-01,Horizon Treasury Desk,Public,FD-GBP-036,Fixed Deposit 36-Month (GBP),Term Deposit,36,5.04,1000,1.22% of principal if withdrawn before 18 months,Full (issuer risk applies),Locked until maturity,1,Conservative;Balanced,AAA
PG-004,product,2026-02-01,Horizon Treasury Desk,Public,FD-GBP-048,Fixed Deposit 48-Month (GBP),Term Deposit,48,5.21,1000,1.46% of principal if withdrawn before 24 months,Full (issuer risk applies),Locked until maturity,1,Conservative;Balanced,AAA
PG-004,product,2026-02-01,Horizon Treasury Desk,Public,FD-GBP-060,Fixed Deposit 60-Month (GBP),Term Deposit,60,5.36,1000,1.7% of principal if withdrawn before 30 months,Full (issuer risk applies),Locked until maturity,1,Conservative;Balanced,AAA
PG-004,product,2026-02-01,Horizon Treasury Desk,Public,FD-SGD-001,Fixed Deposit 1-Month (SGD),Term Deposit,1,3.14,1000,Forfeit accrued interest,Full (issuer risk applies),Locked until maturity,1,Conservative;Balanced,AA+
PG-004,product,2026-02-01,Horizon Treasury Desk,Public,FD-SGD-002,Fixed Deposit 2-Month (SGD),Term Deposit,2,3.06,1000,Forfeit accrued interest,Full (issuer risk applies),Locked until maturity,1,Conservative;Balanced,AA+
PG-004,product,2026-02-01,Horizon Treasury Desk,Public,FD-SGD-003,Fixed Deposit 3-Month (SGD),Term Deposit,3,3.1,1000,Forfeit accrued interest,Full (issuer risk applies),Locked until maturity,1,Conservative;Balanced,AA+
PG-004,product,2026-02-01,Horizon Treasury Desk,Public,FD-SGD-006,Fixed Deposit 6-Month (SGD),Term Deposit,6,3.19,1000,Forfeit accrued interest,Full (issuer risk applies),Locked until maturity,1,Conservative;Balanced,AA+
PG-004,product,2026-02-01,Horizon Treasury Desk,Public,FD-SGD-009,Fixed Deposit 9-Month (SGD),Term Deposit,9,3.2,1000,0.68% of principal if withdrawn before 4 months,Full (issuer risk applies),Locked until maturity,1,Conservative;Balanced,AA+
PG-004,product,2026-02-01,Horizon Treasury Desk,Public,FD-SGD-012,Fixed Deposit 12-Month (SGD),Term Deposit,12,3.29,1000,0.74% of principal if withdrawn before 6 months,Full (issuer risk applies),Locked until maturity,1,Conservative;Balanced,AA+
PG-004,product,2026-02-01,Horizon Treasury Desk,Public,FD-SGD-018,Fixed Deposit 18-Month (SGD),Term Deposit,18,3.33,1000,0.86% of principal if withdrawn before 9 months,Full (issuer risk applies),Locked until maturity,1,Conservative;Balanced,AA+
PG-004,product,2026-02-01,Horizon Treasury Desk,Public,FD-SGD-024,Fixed Deposit 24-Month (SGD),Term Deposit,24,3.44,1000,0.98% of principal if withdrawn before 12 months,Full (issuer risk applies),Locked until maturity,1,Conservative;Balanced,AA+
PG-004,product,2026-02-01,Horizon Treasury Desk,Public,FD-SGD-036,Fixed Deposit 36-Month (SGD),Term Deposit,36,3.52,1000,1.22% of principal if withdrawn before 18 months,Full (issuer risk applies),Locked until maturity,1,Conservative;Balanced,AA+
PG-004,product,2026-02-01,Horizon Treasury Desk,Public,FD-SGD-048,Fixed Deposit 48-Month (SGD),Term Deposit,48,3.73,1000,1.46% of principal if withdrawn before 24 months,Full (issuer risk applies),Locked until maturity,1,Conservative;Balanced,AA+
PG-004,product,2026-02-01,Horizon Treasury Desk,Public,FD-SGD-060,Fixed Deposit 60-Month (SGD),Term Deposit,60,3.92,1000,1.7% of principal if withdrawn before 30 months,Full (issuer risk applies),Locked until maturity,1,Conservative;Balanced,AA+
PG-004,product,2026-02-01,Horizon Treasury Desk,Public,FD-AUD-001,Fixed Deposit 1-Month (AUD),Term Deposit,1,4.15,1000,Forfeit accrued interest,Full (issuer risk applies),Locked until maturity,1,Conservative;Balanced,AA+
PG-004,product,2026-02-01,Horizon Treasury Desk,Public,FD-AUD-002,Fixed Deposit 2-Month (AUD),Term Deposit,2,4.19,1000,Forfeit accrued interest,Full (issuer risk applies),Locked until maturity,1,Conservative;Balanced,AA+
PG-004,product,2026-02-01,Horizon Treasury Desk,Public,FD-AUD-003,Fixed Deposit 3-Month (AUD),Term Deposit,3,4.18,1000,Forfeit accrued interest,Full (issuer risk applies),Locked until maturity,1,Conservative;Balanced,AA+
PG-004,product,2026-02-01,Horizon Treasury Desk,Public,FD-AUD-006,Fixed Deposit 6-Month (AUD),Term Deposit,6,4.25,1000,Forfeit accrued interest,Full (issuer risk applies),Locked until maturity,1,Conservative;Balanced,AA+
PG-004,product,2026-02-01,Horizon Treasury Desk,Public,FD-AUD-009,Fixed Deposit 9-Month (AUD),Term Deposit,9,4.36,1000,0.68% of principal if withdrawn before 4 months,Full (issuer risk applies),Locked until maturity,1,Conservative;Balanced,AA+
PG-004,product,2026-02-01,Horizon Treasury Desk,Public,FD-AUD-012,Fixed Deposit 12-Month (AUD),Term Deposit,12,4.36,1000,0.74% of principal if withdrawn before 6 months,Full (issuer risk applies),Locked until maturity,1,Conservative;Balanced,AA+
PG-004,product,2026-02-01,Horizon Treasury Desk,Public,FD-AUD-018,Fixed Deposit 18-Month (AUD),Term Deposit,18,4.45,1000,0.86% of principal if withdrawn before 9 months,Full (issuer risk applies),Locked until maturity,1,Conservative;Balanced,AA+
PG-004,product,2026-02-01,Horizon Treasury Desk,Public,FD-AUD-024,Fixed Deposit 24-Month (AUD),Term Deposit,24,4.51,1000,0.98% of principal if withdrawn before 12 months,Full (issuer risk applies),Locked until maturity,1,Conservative;Balanced,AA+
PG-004,product,2026-02-01,Horizon Treasury Desk,Public,FD-AUD-036,Fixed Deposit 36-Month (AUD),Term Deposit,36,4.7,1000,1.22% of principal if withdrawn before 18 months,Full (issuer risk applies),Locked until maturity,1,Conservative;Balanced,AA+
PG-004,product,2026-02-01,Horizon Treasury Desk,Public,FD-AUD-048,Fixed Deposit 48-Month (AUD),Term Deposit,48,4.99,1000,1.46% of principal if withdrawn before 24 months,Full (issuer risk applies),Locked until maturity,1,Conservative;Balanced,AA+
PG-004,product,2026-02-01,Horizon Treasury Desk,Public,FD-AUD-060,Fixed Deposit 60-Month (AUD),Term Deposit,60,5.12,1000,1.7% of principal if withdrawn before 30 months,Full (issuer risk applies),Locked until maturity,1,Conservative;Balanced,AA+
PG-004,product,2026-02-01,Horizon Treasury Desk,Public,FD-JPY-001,Fixed Deposit 1-Month (JPY),Term Deposit,1,0.38,100000,Forfeit accrued interest,Full (issuer risk applies),Locked until maturity,1,Conservative;Balanced,AA+
PG-004,product,2026-02-01,Horizon Treasury Desk,Public,FD-JPY-002,Fixed Deposit 2-Month (JPY),Term Deposit,2,0.33,100000,Forfeit accrued interest,Full (issuer risk applies),Locked until maturity,1,Conservative;Balanced,AA+
PG-004,product,2026-02-01,Horizon Treasury Desk,Public,FD-JPY-003,Fixed Deposit 3-Month (JPY),Term Deposit,3,0.43,100000,Forfeit accrued interest,Full (issuer risk applies),Locked until maturity,1,Conservative;Balanced,AA+
PG-004,product,2026-02-01,Horizon Treasury Desk,Public,FD-JPY-006,Fixed Deposit 6-Month (JPY),Term Deposit,6,0.39,100000,Forfeit accrued interest,Full (issuer risk applies),Locked until maturity,1,Conservative;Balanced,AA+
PG-004,product,2026-02-01,Horizon Treasury Desk,Public,FD-JPY-009,Fixed Deposit 9-Month (JPY),Term Deposit,9,0.47,100000,0.68% of principal if withdrawn before 4 months,Full (issuer risk applies),Locked until maturity,1,Conservative;Balanced,AA+
PG-004,product,2026-02-01,Horizon Treasury Desk,Public,FD-JPY-012,Fixed Deposit 12-Month (JPY),Term Deposit,12,0.61,100000,0.74% of principal if withdrawn before 6 months,Full (issuer risk applies),Locked until maturity,1,Conservative;Balanced,AA+
PG-004,product,2026-02-01,Horizon Treasury Desk,Public,FD-JPY-018,Fixed Deposit 18-Month (JPY),Term Deposit,18,0.64,100000,0.86% of principal if withdrawn before 9 months,Full (issuer risk applies),Locked until maturity,1,Conservative;Balanced,AA+
PG-004,product,2026-02-01,Horizon Treasury Desk,Public,FD-JPY-024,Fixed Deposit 24-Month (JPY),Term Deposit,24,0.72,100000,0.98% of principal if withdrawn before 12 months,Full (issuer risk applies),Locked until maturity,1,Conservative;Balanced,AA+
PG-004,product,2026-02-01,Horizon Treasury Desk,Public,FD-JPY-036,Fixed Deposit 36-Month (JPY),Term Deposit,36,0.92,100000,1.22% of principal if withdrawn before 18 months,Full (issuer risk applies),Locked until maturity,1,Conservative;Balanced,AA+
PG-004,product,2026-02-01,Horizon Treasury Desk,Public,FD-JPY-048,Fixed Deposit 48-Month (JPY),Term Deposit,48,1.12,100000,1.46% of principal if withdrawn before 24 months,Full (issuer risk applies),Locked until maturity,1,Conservative;Balanced,AA+
PG-004,product,2026-02-01,Horizon Treasury Desk,Public,FD-JPY-060,Fixed Deposit 60-Month (JPY),Term Deposit,60,1.29,100000,1.7% of principal if withdrawn before 30 months,Full (issuer risk applies),Locked until maturity,1,Conservative;Balanced,AA+
PG-004,product,2026-02-01,Horizon Treasury Desk,Public,FD-CHF-001,Fixed Deposit 1-Month (CHF),Term Deposit,1,0.92,100000,Forfeit accrued interest,Full (issuer risk applies),Locked until maturity,1,Conservative;Balanced,AAA
PG-004,product,2026-02-01,Horizon Treasury Desk,Public,FD-CHF-002,Fixed Deposit 2-Month (CHF),Term Deposit,2,0.91,100000,Forfeit accrued interest,Full (issuer risk applies),Locked until maturity,1,Conservative;Balanced,AAA
PG-004,product,2026-02-01,Horizon Treasury Desk,Public,FD-CHF-003,Fixed Deposit 3-Month (CHF),Term Deposit,3,0.97,100000,Forfeit accrued interest,Full (issuer risk applies),Locked until maturity,1,Conservative;Balanced,AAA
PG-004,product,2026-02-01,Horizon Treasury Desk,Public,FD-CHF-006,Fixed Deposit 6-Month (CHF),Term Deposit,6,1.0,100000,Forfeit accrued interest,Full (issuer risk applies),Locked until maturity,1,Conservative;Balanced,AAA
PG-004,product,2026-02-01,Horizon Treasury Desk,Public,FD-CHF-009,Fixed Deposit 9-Month (CHF),Term Deposit,9,1.04,100000,0.68% of principal if withdrawn before 4 months,Full (issuer risk applies),Locked until maturity,1,Conservative;Balanced,AAA
PG-004,product,2026-02-01,Horizon Treasury Desk,Public,FD-CHF-012,Fixed Deposit 12-Month (CHF),Term Deposit,12,1.2,100000,0.74% of principal if withdrawn before 6 months,Full (issuer risk applies),Locked until maturity,1,Conservative;Balanced,AAA
PG-004,product,2026-02-01,Horizon Treasury Desk,Public,FD-CHF-018,Fixed Deposit 18-Month (CHF),Term Deposit,18,1.28,100000,0.86% of principal if withdrawn before 9 months,Full (issuer risk applies),Locked until maturity,1,Conservative;Balanced,AAA
PG-004,product,2026-02-01,Horizon Treasury Desk,Public,FD-CHF-024,Fixed Deposit 24-Month (CHF),Term Deposit,24,1.28,100000,0.98% of principal if withdrawn before 12 months,Full (issuer risk applies),Locked until maturity,1,Conservative;Balanced,AAA
PG-004,product,2026-02-01,Horizon Treasury Desk,Public,FD-CHF-036,Fixed Deposit 36-Month (CHF),Term Deposit,36,1.51,100000,1.22% of principal if withdrawn before 18 months,Full (issuer risk applies),Locked until maturity,1,Conservative;Balanced,AAA
PG-004,product,2026-02-01,Horizon Treasury Desk,Public,FD-CHF-048,Fixed Deposit 48-Month (CHF),Term Deposit,48,1.65,100000,1.46% of principal if withdrawn before 24 months,Full (issuer risk applies),Locked until maturity,1,Conservative;Balanced,AAA
PG-004,product,2026-02-01,Horizon Treasury Desk,Public,FD-CHF-060,Fixed Deposit 60-Month (CHF),Term Deposit,60,1.92,100000,1.7% of principal if withdrawn before 30 months,Full (issuer risk applies),Locked until maturity,1,Conservative;Balanced,AAA
PG-004,product,2026-02-01,Horizon Treasury Desk,Public,FD-CAD-001,Fixed Deposit 1-Month (CAD),Term Deposit,1,3.86,1000,Forfeit accrued interest,Full (issuer risk applies),Locked until maturity,1,Conservative;Balanced,AA+
PG-004,product,2026-02-01,Horizon Treasury Desk,Public,FD-CAD-002,Fixed Deposit 2-Month (CAD),Term Deposit,2,3.84,1000,Forfeit accrued interest,Full (issuer risk applies),Locked until maturity,1,Conservative;Balanced,AA+
PG-004,product,2026-02-01,Horizon Treasury Desk,Public,FD-CAD-003,Fixed Deposit 3-Month (CAD),Term Deposit,3,3.85,1000,Forfeit accrued interest,Full (issuer risk applies),Locked until maturity,1,Conservative;Balanced,AA+
PG-004,product,2026-02-01,Horizon Treasury Desk,Public,FD-CAD-006,Fixed Deposit 6-Month (CAD),Term Deposit,6,3.95,1000,Forfeit accrued interest,Full (issuer risk applies),Locked until maturity,1,Conservative;Balanced,AA+
PG-004,product,2026-02-01,Horizon Treasury Desk,Public,FD-CAD-009,Fixed Deposit 9-Month (CAD),Term Deposit,9,3.95,1000,0.68% of principal if withdrawn before 4 months,Full (issuer risk applies),Locked until maturity,1,Conservative;Balanced,AA+
PG-004,product,2026-02-01,Horizon Treasury Desk,Public,FD-CAD-012,Fixed Deposit 12-Month (CAD),Term Deposit,12,4.04,1000,0.74% of principal if withdrawn before 6 months,Full (issuer risk applies),Locked until maturity,1,Conservative;Balanced,AA+
PG-004,product,2026-02-01,Horizon Treasury Desk,Public,FD-CAD-018,Fixed Deposit 18-Month (CAD),Term Deposit,18,4.18,1000,0.86% of principal if withdrawn before 9 months,Full (issuer risk applies),Locked until maturity,1,Conservative;Balanced,AA+
PG-004,product,2026-02-01,Horizon Treasury Desk,Public,FD-CAD-024,Fixed Deposit 24-Month (CAD),Term Deposit,24,4.19,1000,0.98% of principal if withdrawn before 12 months,Full (issuer risk applies),Locked until maturity,1,Conservative;Balanced,AA+
PG-004,product,2026-02-01,Horizon Treasury Desk,Public,FD-CAD-036,Fixed Deposit 36-Month (CAD),Term Deposit,36,4.35,1000,1.22% of principal if withdrawn before 18 months,Full (issuer risk applies),Locked until maturity,1,Conservative;Balanced,AA+
PG-004,product,2026-02-01,Horizon Treasury Desk,Public,FD-CAD-048,Fixed Deposit 48-Month (CAD),Term Deposit,48,4.65,1000,1.46% of principal if withdrawn before 24 months,Full (issuer risk applies),Locked until maturity,1,Conservative;Balanced,AA+
PG-004,product,2026-02-01,Horizon Treasury Desk,Public,FD-CAD-060,Fixed Deposit 60-Month (CAD),Term Deposit,60,4.75,1000,1.7% of principal if withdrawn before 30 months,Full (issuer risk applies),Locked until maturity,1,Conservative;Balanced,AA+
PG-004,product,2026-02-01,Horizon Treasury Desk,Public,BL-ULTRAS-AAA,"Bond Ladder Rung (Ultra-Short, 1Y, AAA Government)",Bond Ladder Component,12,4.55,5000,Market-value adjustment on early sale,None (market value fluctuates),Sellable on secondary market T+2,2,Conservative;Balanced,AA or higher
PG-004,product,2026-02-01,Horizon Treasury Desk,Public,BL-ULTRAS-AA,"Bond Ladder Rung (Ultra-Short, 1Y, AA Agency)",Bond Ladder Component,12,4.84,5000,Market-value adjustment on early sale,None (market value fluctuates),Sellable on secondary market T+2,2,Conservative;Balanced,AA or higher
PG-004,product,2026-02-01,Horizon Treasury Desk,Public,BL-ULTRAS-A,"Bond Ladder Rung (Ultra-Short, 1Y, A Corporate)",Bond Ladder Component,12,5.2,5000,Market-value adjustment on early sale,None (market value fluctuates),Sellable on secondary market T+2,3,Balanced;Growth,A or higher
PG-004,product,2026-02-01,Horizon Treasury Desk,Public,BL-ULTRAS-BBB,"Bond Ladder Rung (Ultra-Short, 1Y, BBB Corporate)",Bond Ladder Component,12,5.8,5000,Market-value adjustment on early sale,None (market value fluctuates),Sellable on secondary market T+2,4,Growth;Aggressive,BBB or higher
PG-004,product,2026-02-01,Horizon Treasury Desk,Public,BL-SHORT-AAA,"Bond Ladder Rung (Short, 2Y, AAA Government)",Bond Ladder Component,24,4.65,5000,Market-value adjustment on early sale,None (market value fluctuates),Sellable on secondary market T+2,2,Conservative;Balanced,AA or higher
PG-004,product,2026-02-01,Horizon Treasury Desk,Public,BL-SHORT-AA,"Bond Ladder Rung (Short, 2Y, AA Agency)",Bond Ladder Component,24,4.92,5000,Market-value adjustment on early sale,None (market value fluctuates),Sellable on secondary market T+2,2,Conservative;Balanced,AA or higher
PG-004,product,2026-02-01,Horizon Treasury Desk,Public,BL-SHORT-A,"Bond Ladder Rung (Short, 2Y, A Corporate)",Bond Ladder Component,24,5.23,5000,Market-value adjustment on early sale,None (market value fluctuates),Sellable on secondary market T+2,3,Balanced;Growth,A or higher
PG-004,product,2026-02-01,Horizon Treasury Desk,Public,BL-SHORT-BBB,"Bond Ladder Rung (Short, 2Y, BBB Corporate)",Bond Ladder Component,24,5.81,5000,Market-value adjustment on early sale,None (market value fluctuates),Sellable on secondary market T+2,4,Growth;Aggressive,BBB or higher
PG-004,product,2026-02-01,Horizon Treasury Desk,Public,BL-SHORTM-AAA,"Bond Ladder Rung (Short-Medium, 3Y, AAA Government)",Bond Ladder Component,36,4.71,5000,Market-value adjustment on early sale,None (market value fluctuates),Sellable on secondary market T+2,2,Conservative;Balanced,AA or higher
PG-004,product,2026-02-01,Horizon Treasury Desk,Public,BL-SHORTM-AA,"Bond Ladder Rung (Short-Medium, 3Y, AA Agency)",Bond Ladder Component,36,4.96,5000,Market-value adjustment on early sale,None (market value fluctuates),Sellable on secondary market T+2,2,Conservative;Balanced,AA or higher
PG-004,product,2026-02-01,Horizon Treasury Desk,Public,BL-SHORTM-A,"Bond Ladder Rung (Short-Medium, 3Y, A Corporate)",Bond Ladder Component,36,5.36,5000,Market-value adjustment on early sale,None (market value fluctuates),Sellable on secondary market T+2,3,Balanced;Growth,A or higher
PG-004,product,2026-02-01,Horizon Treasury Desk,Public,BL-SHORTM-BBB,"Bond Ladder Rung (Short-Medium, 3Y, BBB Corporate)",Bond Ladder Component,36,5.9,5000,Market-value adjustment on early sale,None (market value fluctuates),Sellable on secondary market T+2,4,Growth;Aggressive,BBB or higher
PG-004,product,2026-02-01,Horizon Treasury Desk,Public,BL-MEDIUM-AAA,"Bond Ladder Rung (Medium, 5Y, AAA Government)",Bond Ladder Component,60,4.68,5000,Market-value adjustment on early sale,None (market value fluctuates),Sellable on secondary market T+2,2,Conservative;Balanced,AA or higher
PG-004,product,2026-02-01,Horizon Treasury Desk,Public,BL-MEDIUM-AA,"Bond Ladder Rung (Medium, 5Y, AA Agency)",Bond Ladder Component,60,5.06,5000,Market-value adjustment on early sale,None (market value fluctuates),Sellable on secondary market T+2,2,Conservative;Balanced,AA or higher
PG-004,product,2026-02-01,Horizon Treasury Desk,Public,BL-MEDIUM-A,"Bond Ladder Rung (Medium, 5Y, A Corporate)",Bond Ladder Component,60,5.4,5000,Market-value adjustment on early sale,None (market value fluctuates),Sellable on secondary market T+2,3,Balanced;Growth,A or higher
PG-004,product,2026-02-01,Horizon Treasury Desk,Public,BL-MEDIUM-BBB,"Bond Ladder Rung (Medium, 5Y, BBB Corporate)",Bond Ladder Component,60,5.94,5000,Market-value adjustment on early sale,None (market value fluctuates),Sellable on secondary market T+2,4,Growth;Aggressive,BBB or higher
PG-004,product,2026-02-01,Horizon Treasury Desk,Public,BL-MEDIUM-AAA,"Bond Ladder Rung (Medium-Long, 7Y, AAA Government)",Bond Ladder Component,84,4.78,5000,Market-value adjustment on early sale,None (market value fluctuates),Sellable on secondary market T+2,2,Conservative;Balanced,AA or higher
PG-004,product,2026-02-01,Horizon Treasury Desk,Public,BL-MEDIUM-AA,"Bond Ladder Rung (Medium-Long, 7Y, AA Agency)",Bond Ladder Component,84,5.12,5000,Market-value adjustment on early sale,None (market value fluctuates),Sellable on secondary market T+2,2,Conservative;Balanced,AA or higher
PG-004,product,2026-02-01,Horizon Treasury Desk,Public,BL-MEDIUM-A,"Bond Ladder Rung (Medium-Long, 7Y, A Corporate)",Bond Ladder Component,84,5.42,5000,Market-value adjustment on early sale,None (market value fluctuates),Sellable on secondary market T+2,3,Balanced;Growth,A or higher
PG-004,product,2026-02-01,Horizon Treasury Desk,Public,BL-MEDIUM-BBB,"Bond Ladder Rung (Medium-Long, 7Y, BBB Corporate)",Bond Ladder Component,84,6.0,5000,Market-value adjustment on early sale,None (market value fluctuates),Sellable on secondary market T+2,4,Growth;Aggressive,BBB or higher
PG-004,product,2026-02-01,Horizon Treasury Desk,Public,BL-LONG-AAA,"Bond Ladder Rung (Long, 10Y, AAA Government)",Bond Ladder Component,120,4.91,5000,Market-value adjustment on early sale,None (market value fluctuates),Sellable on secondary market T+2,2,Conservative;Balanced,AA or higher
PG-004,product,2026-02-01,Horizon Treasury Desk,Public,BL-LONG-AA,"Bond Ladder Rung (Long, 10Y, AA Agency)",Bond Ladder Component,120,5.26,5000,Market-value adjustment on early sale,None (market value fluctuates),Sellable on secondary market T+2,2,Conservative;Balanced,AA or higher
PG-004,product,2026-02-01,Horizon Treasury Desk,Public,BL-LONG-A,"Bond Ladder Rung (Long, 10Y, A Corporate)",Bond Ladder Component,120,5.6,5000,Market-value adjustment on early sale,None (market value fluctuates),Sellable on secondary market T+2,3,Balanced;Growth,A or higher
PG-004,product,2026-02-01,Horizon Treasury Desk,Public,BL-LONG-BBB,"Bond Ladder Rung (Long, 10Y, BBB Corporate)",Bond Ladder Component,120,6.09,5000,Market-value adjustment on early sale,None (market value fluctuates),Sellable on secondary market T+2,4,Growth;Aggressive,BBB or higher
PG-004,product,2026-02-01,Horizon Treasury Desk,Public,BL-EXTEND-AAA,"Bond Ladder Rung (Extended, 15Y, AAA Government)",Bond Ladder Component,180,5.1,5000,Market-value adjustment on early sale,None (market value fluctuates),Sellable on secondary market T+2,2,Conservative;Balanced,AA or higher
PG-004,product,2026-02-01,Horizon Treasury Desk,Public,BL-EXTEND-AA,"Bond Ladder Rung (Extended, 15Y, AA Agency)",Bond Ladder Component,180,5.37,5000,Market-value adjustment on early sale,None (market value fluctuates),Sellable on secondary market T+2,2,Conservative;Balanced,AA or higher
PG-004,product,2026-02-01,Horizon Treasury Desk,Public,BL-EXTEND-A,"Bond Ladder Rung (Extended, 15Y, A Corporate)",Bond Ladder Component,180,5.79,5000,Market-value adjustment on early sale,None (market value fluctuates),Sellable on secondary market T+2,3,Balanced;Growth,A or higher
PG-004,product,2026-02-01,Horizon Treasury Desk,Public,BL-EXTEND-BBB,"Bond Ladder Rung (Extended, 15Y, BBB Corporate)",Bond Ladder Component,180,6.34,5000,Market-value adjustment on early sale,None (market value fluctuates),Sellable on secondary market T+2,4,Growth;Aggressive,BBB or higher
PG-004,product,2026-02-01,Horizon Treasury Desk,Public,BL-VERYLO-AAA,"Bond Ladder Rung (Very Long, 20Y, AAA Government)",Bond Ladder Component,240,5.26,5000,Market-value adjustment on early sale,None (market value fluctuates),Sellable on secondary market T+2,2,Conservative;Balanced,AA or higher
PG-004,product,2026-02-01,Horizon Treasury Desk,Public,BL-VERYLO-AA,"Bond Ladder Rung (Very Long, 20Y, AA Agency)",Bond Ladder Component,240,5.6,5000,Market-value adjustment on early sale,None (market value fluctuates),Sellable on secondary market T+2,2,Conservative;Balanced,AA or higher
PG-004,product,2026-02-01,Horizon Treasury Desk,Public,BL-VERYLO-A,"Bond Ladder Rung (Very Long, 20Y, A Corporate)",Bond Ladder Component,240,5.94,5000,Market-value adjustment on early sale,None (market value fluctuates),Sellable on secondary market T+2,3,Balanced;Growth,A or higher
PG-004,product,2026-02-01,Horizon Treasury Desk,Public,BL-VERYLO-BBB,"Bond Ladder Rung (Very Long, 20Y, BBB Corporate)",Bond Ladder Component,240,6.45,5000,Market-value adjustment on early sale,None (market value fluctuates),Sellable on secondary market T+2,4,Growth;Aggressive,BBB or higher
PG-004,product,2026-02-01,Horizon Treasury Desk,Public,BL-MAXIMU-AAA,"Bond Ladder Rung (Maximum, 30Y, AAA Government)",Bond Ladder Component,360,5.68,5000,Market-value adjustment on early sale,None (market value fluctuates),Sellable on secondary market T+2,2,Conservative;Balanced,AA or higher
PG-004,product,2026-02-01,Horizon Treasury Desk,Public,BL-MAXIMU-AA,"Bond Ladder Rung (Maximum, 30Y, AA Agency)",Bond Ladder Component,360,5.95,5000,Market-value adjustment on early sale,None (market value fluctuates),Sellable on secondary market T+2,2,Conservative;Balanced,AA or higher
PG-004,product,2026-02-01,Horizon Treasury Desk,Public,BL-MAXIMU-A,"Bond Ladder Rung (Maximum, 30Y, A Corporate)",Bond Ladder Component,360,6.33,5000,Market-value adjustment on early sale,None (market value fluctuates),Sellable on secondary market T+2,3,Balanced;Growth,A or higher
PG-004,product,2026-02-01,Horizon Treasury Desk,Public,BL-MAXIMU-BBB,"Bond Ladder Rung (Maximum, 30Y, BBB Corporate)",Bond Ladder Component,360,6.85,5000,Market-value adjustment on early sale,None (market value fluctuates),Sellable on secondary market T+2,4,Growth;Aggressive,BBB or higher
PG-004,product,2026-02-01,Horizon Treasury Desk,Public,MM-DAILYLIQ,Money Market Note (Daily Liquidity),Cash Equivalent,1,3.72,50000,None,Full (issuer risk applies),Same-day to T+1,1,Conservative;Balanced;Growth;Aggressive,AAA
PG-004,product,2026-02-01,Horizon Treasury Desk,Public,MM-WEEKLYLI,Money Market Note (Weekly Liquidity),Cash Equivalent,1,3.64,50000,None,Full (issuer risk applies),Same-day to T+1,1,Conservative;Balanced;Growth;Aggressive,AAA
PG-004,product,2026-02-01,Horizon Treasury Desk,Public,MM-INSTITUT,Money Market Note (Institutional Sweep),Cash Equivalent,1,3.52,50000,None,Full (issuer risk applies),Same-day to T+1,1,Conservative;Balanced;Growth;Aggressive,AAA
PG-004,product,2026-02-01,Horizon Treasury Desk,Public,MM-RETAILSW,Money Market Note (Retail Sweep),Cash Equivalent,1,3.48,500,None,Full (issuer risk applies),Same-day to T+1,1,Conservative;Balanced;Growth;Aggressive,AAA
PG-004,product,2026-02-01,Horizon Treasury Desk,Public,SCN-GLOB-24,"Structured Capital Note (Global Equity Index, 24M)",Structured Product,24,Variable (linked to Global Equity Index performance; 90% capital floor at maturity),10000,Surrender charge up to 3% in years 1-2,Partial (90% floor at maturity only),Illiquid until maturity; secondary market not guaranteed,4,Growth;Aggressive,Issuer A- (counterparty risk applies)
PG-004,product,2026-02-01,Horizon Treasury Desk,Public,SCN-GLOB-36,"Structured Capital Note (Global Equity Index, 36M)",Structured Product,36,Variable (linked to Global Equity Index performance; 0% capital floor at maturity),10000,Surrender charge up to 3% in years 1-2,Partial (0% floor at maturity only),Illiquid until maturity; secondary market not guaranteed,4,Growth;Aggressive,Issuer A- (counterparty risk applies)
PG-004,product,2026-02-01,Horizon Treasury Desk,Public,SCN-GLOB-48,"Structured Capital Note (Global Equity Index, 48M)",Structured Product,48,Variable (linked to Global Equity Index performance; 0% capital floor at maturity),10000,Surrender charge up to 3% in years 1-2,Partial (0% floor at maturity only),Illiquid until maturity; secondary market not guaranteed,4,Growth;Aggressive,Issuer A- (counterparty risk applies)
PG-004,product,2026-02-01,Horizon Treasury Desk,Public,SCN-GLOB-60,"Structured Capital Note (Global Equity Index, 60M)",Structured Product,60,Variable (linked to Global Equity Index performance; 0% capital floor at maturity),10000,Surrender charge up to 3% in years 1-2,Partial (0% floor at maturity only),Illiquid until maturity; secondary market not guaranteed,4,Growth;Aggressive,Issuer A- (counterparty risk applies)
PG-004,product,2026-02-01,Horizon Treasury Desk,Public,SCN-US-24,"Structured Capital Note (US Large Cap Index, 24M)",Structured Product,24,Variable (linked to US Large Cap Index performance; 95% capital floor at maturity),10000,Surrender charge up to 3% in years 1-2,Partial (95% floor at maturity only),Illiquid until maturity; secondary market not guaranteed,4,Growth;Aggressive,Issuer A- (counterparty risk applies)
PG-004,product,2026-02-01,Horizon Treasury Desk,Public,SCN-US-36,"Structured Capital Note (US Large Cap Index, 36M)",Structured Product,36,Variable (linked to US Large Cap Index performance; 0% capital floor at maturity),10000,Surrender charge up to 3% in years 1-2,Partial (0% floor at maturity only),Illiquid until maturity; secondary market not guaranteed,4,Growth;Aggressive,Issuer A- (counterparty risk applies)
PG-004,product,2026-02-01,Horizon Treasury Desk,Public,SCN-US-48,"Structured Capital Note (US Large Cap Index, 48M)",Structured Product,48,Variable (linked to US Large Cap Index performance; 0% capital floor at maturity),10000,Surrender charge up to 3% in years 1-2,Partial (0% floor at maturity only),Illiquid until maturity; secondary market not guaranteed,4,Growth;Aggressive,Issuer A- (counterparty risk applies)
PG-004,product,2026-02-01,Horizon Treasury Desk,Public,SCN-US-60,"Structured Capital Note (US Large Cap Index, 60M)",Structured Product,60,Variable (linked to US Large Cap Index performance; 95% capital floor at maturity),10000,Surrender charge up to 3% in years 1-2,Partial (95% floor at maturity only),Illiquid until maturity; secondary market not guaranteed,4,Growth;Aggressive,Issuer A- (counterparty risk applies)
PG-004,product,2026-02-01,Horizon Treasury Desk,Public,SCN-EMER-24,"Structured Capital Note (Emerging Market Index, 24M)",Structured Product,24,Variable (linked to Emerging Market Index performance; 90% capital floor at maturity),10000,Surrender charge up to 3% in years 1-2,Partial (90% floor at maturity only),Illiquid until maturity; secondary market not guaranteed,4,Growth;Aggressive,Issuer A- (counterparty risk applies)
PG-004,product,2026-02-01,Horizon Treasury Desk,Public,SCN-EMER-36,"Structured Capital Note (Emerging Market Index, 36M)",Structured Product,36,Variable (linked to Emerging Market Index performance; 0% capital floor at maturity),10000,Surrender charge up to 3% in years 1-2,Partial (0% floor at maturity only),Illiquid until maturity; secondary market not guaranteed,4,Growth;Aggressive,Issuer A- (counterparty risk applies)
PG-004,product,2026-02-01,Horizon Treasury Desk,Public,SCN-EMER-48,"Structured Capital Note (Emerging Market Index, 48M)",Structured Product,48,Variable (linked to Emerging Market Index performance; 95% capital floor at maturity),10000,Surrender charge up to 3% in years 1-2,Partial (95% floor at maturity only),Illiquid until maturity; secondary market not guaranteed,4,Growth;Aggressive,Issuer A- (counterparty risk applies)
PG-004,product,2026-02-01,Horizon Treasury Desk,Public,SCN-EMER-60,"Structured Capital Note (Emerging Market Index, 60M)",Structured Product,60,Variable (linked to Emerging Market Index performance; 0% capital floor at maturity),10000,Surrender charge up to 3% in years 1-2,Partial (0% floor at maturity only),Illiquid until maturity; secondary market not guaranteed,4,Growth;Aggressive,Issuer A- (counterparty risk applies)
PG-004,product,2026-02-01,Horizon Treasury Desk,Public,SCN-TECH-24,"Structured Capital Note (Technology Sector Index, 24M)",Structured Product,24,Variable (linked to Technology Sector Index performance; 0% capital floor at maturity),10000,Surrender charge up to 3% in years 1-2,Partial (0% floor at maturity only),Illiquid until maturity; secondary market not guaranteed,4,Growth;Aggressive,Issuer A- (counterparty risk applies)
PG-004,product,2026-02-01,Horizon Treasury Desk,Public,SCN-TECH-36,"Structured Capital Note (Technology Sector Index, 36M)",Structured Product,36,Variable (linked to Technology Sector Index performance; 95% capital floor at maturity),10000,Surrender charge up to 3% in years 1-2,Partial (95% floor at maturity only),Illiquid until maturity; secondary market not guaranteed,4,Growth;Aggressive,Issuer A- (counterparty risk applies)
PG-004,product,2026-02-01,Horizon Treasury Desk,Public,SCN-TECH-48,"Structured Capital Note (Technology Sector Index, 48M)",Structured Product,48,Variable (linked to Technology Sector Index performance; 90% capital floor at maturity),10000,Surrender charge up to 3% in years 1-2,Partial (90% floor at maturity only),Illiquid until maturity; secondary market not guaranteed,4,Growth;Aggressive,Issuer A- (counterparty risk applies)
PG-004,product,2026-02-01,Horizon Treasury Desk,Public,SCN-TECH-60,"Structured Capital Note (Technology Sector Index, 60M)",Structured Product,60,Variable (linked to Technology Sector Index performance; 95% capital floor at maturity),10000,Surrender charge up to 3% in years 1-2,Partial (95% floor at maturity only),Illiquid until maturity; secondary market not guaranteed,4,Growth;Aggressive,Issuer A- (counterparty risk applies)
PG-004,product,2026-02-01,Horizon Treasury Desk,Public,SCN-COMM-24,"Structured Capital Note (Commodity Basket, 24M)",Structured Product,24,Variable (linked to Commodity Basket performance; 0% capital floor at maturity),10000,Surrender charge up to 3% in years 1-2,Partial (0% floor at maturity only),Illiquid until maturity; secondary market not guaranteed,4,Growth;Aggressive,Issuer A- (counterparty risk applies)
PG-004,product,2026-02-01,Horizon Treasury Desk,Public,SCN-COMM-36,"Structured Capital Note (Commodity Basket, 36M)",Structured Product,36,Variable (linked to Commodity Basket performance; 90% capital floor at maturity),10000,Surrender charge up to 3% in years 1-2,Partial (90% floor at maturity only),Illiquid until maturity; secondary market not guaranteed,4,Growth;Aggressive,Issuer A- (counterparty risk applies)
PG-004,product,2026-02-01,Horizon Treasury Desk,Public,SCN-COMM-48,"Structured Capital Note (Commodity Basket, 48M)",Structured Product,48,Variable (linked to Commodity Basket performance; 95% capital floor at maturity),10000,Surrender charge up to 3% in years 1-2,Partial (95% floor at maturity only),Illiquid until maturity; secondary market not guaranteed,4,Growth;Aggressive,Issuer A- (counterparty risk applies)
PG-004,product,2026-02-01,Horizon Treasury Desk,Public,SCN-COMM-60,"Structured Capital Note (Commodity Basket, 60M)",Structured Product,60,Variable (linked to Commodity Basket performance; 95% capital floor at maturity),10000,Surrender charge up to 3% in years 1-2,Partial (95% floor at maturity only),Illiquid until maturity; secondary market not guaranteed,4,Growth;Aggressive,Issuer A- (counterparty risk applies)
PG-004,product,2026-02-01,Horizon Treasury Desk,Public,SCN-INTE-24,"Structured Capital Note (Interest Rate Spread, 24M)",Structured Product,24,Variable (linked to Interest Rate Spread performance; 90% capital floor at maturity),10000,Surrender charge up to 3% in years 1-2,Partial (90% floor at maturity only),Illiquid until maturity; secondary market not guaranteed,4,Growth;Aggressive,Issuer A- (counterparty risk applies)
PG-004,product,2026-02-01,Horizon Treasury Desk,Public,SCN-INTE-36,"Structured Capital Note (Interest Rate Spread, 36M)",Structured Product,36,Variable (linked to Interest Rate Spread performance; 0% capital floor at maturity),10000,Surrender charge up to 3% in years 1-2,Partial (0% floor at maturity only),Illiquid until maturity; secondary market not guaranteed,4,Growth;Aggressive,Issuer A- (counterparty risk applies)
PG-004,product,2026-02-01,Horizon Treasury Desk,Public,SCN-INTE-48,"Structured Capital Note (Interest Rate Spread, 48M)",Structured Product,48,Variable (linked to Interest Rate Spread performance; 95% capital floor at maturity),10000,Surrender charge up to 3% in years 1-2,Partial (95% floor at maturity only),Illiquid until maturity; secondary market not guaranteed,4,Growth;Aggressive,Issuer A- (counterparty risk applies)
PG-004,product,2026-02-01,Horizon Treasury Desk,Public,SCN-INTE-60,"Structured Capital Note (Interest Rate Spread, 60M)",Structured Product,60,Variable (linked to Interest Rate Spread performance; 95% capital floor at maturity),10000,Surrender charge up to 3% in years 1-2,Partial (95% floor at maturity only),Illiquid until maturity; secondary market not guaranteed,4,Growth;Aggressive,Issuer A- (counterparty risk applies)
PG-004,product,2026-02-01,Horizon Treasury Desk,Public,SCN-CURR-24,"Structured Capital Note (Currency Basket (G10), 24M)",Structured Product,24,Variable (linked to Currency Basket (G10) performance; 95% capital floor at maturity),10000,Surrender charge up to 3% in years 1-2,Partial (95% floor at maturity only),Illiquid until maturity; secondary market not guaranteed,4,Growth;Aggressive,Issuer A- (counterparty risk applies)
PG-004,product,2026-02-01,Horizon Treasury Desk,Public,SCN-CURR-36,"Structured Capital Note (Currency Basket (G10), 36M)",Structured Product,36,Variable (linked to Currency Basket (G10) performance; 0% capital floor at maturity),10000,Surrender charge up to 3% in years 1-2,Partial (0% floor at maturity only),Illiquid until maturity; secondary market not guaranteed,4,Growth;Aggressive,Issuer A- (counterparty risk applies)
PG-004,product,2026-02-01,Horizon Treasury Desk,Public,SCN-CURR-48,"Structured Capital Note (Currency Basket (G10), 48M)",Structured Product,48,Variable (linked to Currency Basket (G10) performance; 95% capital floor at maturity),10000,Surrender charge up to 3% in years 1-2,Partial (95% floor at maturity only),Illiquid until maturity; secondary market not guaranteed,4,Growth;Aggressive,Issuer A- (counterparty risk applies)
PG-004,product,2026-02-01,Horizon Treasury Desk,Public,SCN-CURR-60,"Structured Capital Note (Currency Basket (G10), 60M)",Structured Product,60,Variable (linked to Currency Basket (G10) performance; 90% capital floor at maturity),10000,Surrender charge up to 3% in years 1-2,Partial (90% floor at maturity only),Illiquid until maturity; secondary market not guaranteed,4,Growth;Aggressive,Issuer A- (counterparty risk applies)
PG-004,product,2026-02-01,Horizon Treasury Desk,Public,SCN-VOLA-24,"Structured Capital Note (Volatility-Linked, 24M)",Structured Product,24,Variable (linked to Volatility-Linked performance; 90% capital floor at maturity),10000,Surrender charge up to 3% in years 1-2,Partial (90% floor at maturity only),Illiquid until maturity; secondary market not guaranteed,4,Growth;Aggressive,Issuer A- (counterparty risk applies)
PG-004,product,2026-02-01,Horizon Treasury Desk,Public,SCN-VOLA-36,"Structured Capital Note (Volatility-Linked, 36M)",Structured Product,36,Variable (linked to Volatility-Linked performance; 95% capital floor at maturity),10000,Surrender charge up to 3% in years 1-2,Partial (95% floor at maturity only),Illiquid until maturity; secondary market not guaranteed,4,Growth;Aggressive,Issuer A- (counterparty risk applies)
PG-004,product,2026-02-01,Horizon Treasury Desk,Public,SCN-VOLA-48,"Structured Capital Note (Volatility-Linked, 48M)",Structured Product,48,Variable (linked to Volatility-Linked performance; 95% capital floor at maturity),10000,Surrender charge up to 3% in years 1-2,Partial (95% floor at maturity only),Illiquid until maturity; secondary market not guaranteed,4,Growth;Aggressive,Issuer A- (counterparty risk applies)
PG-004,product,2026-02-01,Horizon Treasury Desk,Public,SCN-VOLA-60,"Structured Capital Note (Volatility-Linked, 60M)",Structured Product,60,Variable (linked to Volatility-Linked performance; 90% capital floor at maturity),10000,Surrender charge up to 3% in years 1-2,Partial (90% floor at maturity only),Illiquid until maturity; secondary market not guaranteed,4,Growth;Aggressive,Issuer A- (counterparty risk applies)
